"ground_truth_output","num_queries","original_output","original_score","original_text","perturbed_output","perturbed_score","perturbed_text","result_type"
0.0,2361.0,0.0,0.09907442331314087,"Donald Trump <font color = red>falsely</font> <font color = red>claims</font> Hillary Clinton '<font color = red>wants</font> to <font color = red>abolish</font> the 2nd Amendment'",1.0,0.5384950041770935,"Donald Trump <font color = green>nominally</font> <font color = green>draw</font> Hillary Clinton '<font color = green>wishes</font> to <font color = green>scum</font> the 2nd Amendment'","Successful"
0.0,1.0,1.0,0.5589146018028259,"The United States spent $5 billion on Ukraine anti-government riots",1.0,0.5589146018028259,"The United States spent $5 billion on Ukraine anti-government riots","Skipped"
0.0,6266.0,0.0,0.1642845869064331,"'Every Sperm Cell <font color = red>Is</font> A Life' <font color = red>story</font> is <font color = red>fake</font>, if you <font color = red>click</font> through",0.0,0.46283912658691406,"'Every Sperm Cell <font color = red>Likes</font> A Life' <font color = red>cover</font> is <font color = red>mendacious</font>, if you <font color = red>screech</font> through","Failed"
0.0,79.0,0.0,0.33735620975494385,"U.S. Chamber tells seniors that 20 million could lose coverage under the health <font color = red>care</font> law",1.0,0.5708082914352417,"U.S. Chamber tells seniors that 20 million could lose coverage under the health <font color = green>sponsor</font> law","Successful"
0.0,6077.0,0.0,0.14932388067245483,"<font color = red>Actor</font> James Woods <font color = red>peddles</font> <font color = red>bogus</font> quote from Hillary Clinton's 'It <font color = red>Takes</font> a Village'",0.0,0.3872385025024414,"<font color = red>Player</font> James Woods <font color = red>transfers</font> <font color = red>inauthentic</font> quote from Hillary Clinton's 'It <font color = red>Appreciates</font> a Village'","Failed"
0.0,7735.0,0.0,0.13816171884536743,"<font color = red>Website</font> falsely <font color = red>claims</font> Fox <font color = red>announced</font> <font color = red>plans</font> to <font color = red>pick</font> up 'Roseanne' <font color = red>show</font>",1.0,0.8162332773208618,"<font color = green>Site</font> falsely <font color = green>draw</font> Fox <font color = green>delivered</font> <font color = green>illustrations</font> to <font color = green>select</font> up 'Roseanne' <font color = green>mark</font>","Successful"
0.0,119.0,0.0,0.2803700566291809,"Conservative PAC <font color = red>says</font> Larry Taylor <font color = red>gave</font> “in-state tuition to illegal immigrants”",1.0,0.5353509783744812,"Conservative PAC <font color = green>lectures</font> Larry Taylor <font color = green>presented</font> “in-state tuition to illegal immigrants”","Successful"
0.0,162.0,0.0,0.484022855758667,"Ann Marie Buerkle, GOP candidate, says under new health law, feds will <font color = red>track</font> Americans' body mass index",1.0,0.6276716589927673,"Ann Marie Buerkle, GOP candidate, says under new health law, feds will <font color = green>spiral</font> Americans' body mass index","Successful"
0.0,24216.0,0.0,0.056060731410980225,"<font color = red>Law</font> enforcement <font color = red>agencies</font> <font color = red>recommend</font> that <font color = red>people</font> <font color = red>wash</font> the <font color = red>handle</font> on <font color = red>shopping</font> <font color = red>carts</font> before <font color = red>using</font> them to <font color = red>avoid</font> <font color = red>potential</font> <font color = red>exposure</font> to fentanyl.",1.0,0.5446828603744507,"<font color = green>Paradox</font> enforcement <font color = green>establishments</font> <font color = green>raise</font> that <font color = green>populations</font> <font color = green>dabble</font> the <font color = green>resolve</font> on <font color = green>meeting</font> <font color = green>barrows</font> before <font color = green>harnessing</font> them to <font color = green>ware</font> <font color = green>probable</font> <font color = green>disclosure</font> to fentanyl.","Successful"
0.0,5962.0,0.0,0.0455632209777832,"Sarah Palin <font color = red>falsely</font> <font color = red>claims</font> Barack Obama <font color = red>runs</font> a 'death panel'",0.0,0.20192503929138184,"Sarah Palin <font color = red>incredibly</font> <font color = red>draw</font> Barack Obama <font color = red>travels</font> a 'death panel'","Failed"
0.0,1.0,1.0,0.8661648035049438,"Robert Hurt says some federal spending is up over 80 percent in two years",1.0,0.8661648035049438,"Robert Hurt says some federal spending is up over 80 percent in two years","Skipped"
0.0,1.0,1.0,0.5573340058326721,"Microsoft Patent That Requires Paying Attention to Computer Ad",1.0,0.5573340058326721,"Microsoft Patent That Requires Paying Attention to Computer Ad","Skipped"
0.0,1645.0,0.0,0.11626869440078735,"Giuliani: Obama 'propaganda' <font color = red>says</font> 'everybody should <font color = red>hate</font> the police'",0.0,0.2857964038848877,"Giuliani: Obama 'propaganda' <font color = red>enunciates</font> 'everybody should <font color = red>mind</font> the police'","Failed"
0.0,1.0,1.0,0.9218809008598328,"Romney says his health care bill affected far smaller percentage of people than Obama's",1.0,0.9218809008598328,"Romney says his health care bill affected far smaller percentage of people than Obama's","Skipped"
0.0,5739.0,0.0,0.0974198579788208,"Convicted Charleston <font color = red>church</font> <font color = red>shooter</font> Dylann Roof was <font color = red>raped</font> in <font color = red>prison</font>.",0.0,0.21030914783477783,"Convicted Charleston <font color = red>convent</font> <font color = red>gunner</font> Dylann Roof was <font color = red>spanked</font> in <font color = red>jug</font>.","Failed"
0.0,157.0,0.0,0.1941048502922058,"Obama health <font color = red>plan</font> does not <font color = red>call</font> for government-run health care",1.0,0.5812644362449646,"Obama health <font color = green>picture</font> does not <font color = green>rave</font> for government-run health care","Successful"
0.0,5167.0,0.0,0.09738612174987793,"<SPLIT>“The unvaccinated Amish <font color = red>rarely</font> <font color = red>get</font> <font color = red>cancer</font>, <font color = red>autism</font>, or <font color = red>heart</font> <font color = red>disease</font>.” ",1.0,0.7038518786430359,"<SPLIT>“The unvaccinated Amish <font color = green>scarcely</font> <font color = green>draw</font> <font color = green>leukemia</font>, <font color = green>numbness</font>, or <font color = green>moral</font> <font color = green>adhd</font>.” ","Successful"
0.0,1.0,1.0,0.6258305907249451,"Rhode Island Catholic Bishop Tobin says U.S. Supreme Court decisions on same-sex marriage could nullify any Rhode Island votes on the issue",1.0,0.6258305907249451,"Rhode Island Catholic Bishop Tobin says U.S. Supreme Court decisions on same-sex marriage could nullify any Rhode Island votes on the issue","Skipped"
0.0,4114.0,0.0,0.09519493579864502,"<SPLIT>""Federal study <font color = red>finds</font> <font color = red>marijuana</font> a hundred <font color = red>times</font> <font color = red>less</font> <font color = red>toxic</font> than <font color = red>alcohol</font>, <font color = red>safer</font> than <font color = red>tobacco</font>""<SPLIT>",1.0,0.7376394271850586,"<SPLIT>""Federal study <font color = green>perceives</font> <font color = green>hashish</font> a hundred <font color = green>periods</font> <font color = green>further</font> <font color = green>noxious</font> than <font color = green>radical</font>, <font color = green>quieter</font> than <font color = green>fag</font>""<SPLIT>","Successful"
0.0,1.0,1.0,0.6357971429824829,"Warner says Gillespie supports a personhood amendment",1.0,0.6357971429824829,"Warner says Gillespie supports a personhood amendment","Skipped"
0.0,3306.0,0.0,0.15660721063613892,"Scarborough <font color = red>says</font> Algeria <font color = red>donated</font> to Clinton Foundation when it <font color = red>wanted</font> off '<font color = red>terror</font> list'",0.0,0.4185349941253662,"Scarborough <font color = red>articulates</font> Algeria <font color = red>presented</font> to Clinton Foundation when it <font color = red>preferred</font> off '<font color = red>apprehension</font> list'","Failed"
0.0,1.0,1.0,0.8391954898834229,"Maxine Waters Comment About Armed Security Detail and Gun Control",1.0,0.8391954898834229,"Maxine Waters Comment About Armed Security Detail and Gun Control","Skipped"
0.0,1.0,1.0,0.7050362229347229,"Important Notice from Netflix",1.0,0.7050362229347229,"Important Notice from Netflix","Skipped"
0.0,1.0,1.0,0.6890704035758972,"Tim Pawlenty says the U.S. is not undertaxed compared to its competitors",1.0,0.6890704035758972,"Tim Pawlenty says the U.S. is not undertaxed compared to its competitors","Skipped"
0.0,8930.0,0.0,0.09930241107940674,"U.S. <font color = red>citizens</font> who <font color = red>receive</font> <font color = red>government</font> <font color = red>benefits</font> will <font color = red>soon</font> be <font color = red>required</font> to have microchips surgically <font color = red>implanted</font> in them.",0.0,0.3725508451461792,"U.S. <font color = red>nationals</font> who <font color = red>appreciate</font> <font color = red>mandate</font> <font color = red>gains</font> will <font color = red>presently</font> be <font color = red>submitted</font> to have microchips surgically <font color = red>instilled</font> in them.","Failed"
0.0,1.0,1.0,0.528759241104126,"No, McCain's ads haven't all been negative",1.0,0.528759241104126,"No, McCain's ads haven't all been negative","Skipped"
0.0,3097.0,0.0,0.07284176349639893,"Vice President Mike Pence will be <font color = red>stepping</font> down from the GOP ticket in 2020 to <font color = red>run</font> for a U.S. Senate <font color = red>seat</font> in Indiana.",0.0,0.4794938564300537,"Vice President Mike Pence will be <font color = red>shambling</font> down from the GOP ticket in 2020 to <font color = red>hasten</font> for a U.S. Senate <font color = red>where</font> in Indiana.","Failed"
0.0,5017.0,0.0,0.14988934993743896,"Donald Trump was <font color = red>removed</font> from GOP <font color = red>primary</font> <font color = red>ballots</font> in five <font color = red>states</font>.",1.0,0.5478549003601074,"Donald Trump was <font color = green>shifted</font> from GOP <font color = green>dominant</font> <font color = green>polls</font> in five <font color = green>degrees</font>.","Successful"
0.0,30732.0,0.0,0.05404496192932129,"A <font color = red>judge</font> <font color = red>cut</font> fifteen <font color = red>years</font> off the <font color = red>sentence</font> of a <font color = red>man</font> convicted of <font color = red>lewd</font> <font color = red>acts</font> with a 3-year-old <font color = red>girl</font> because the <font color = red>perpetrator</font> <font color = red>claimed</font> the <font color = red>child</font> had '<font color = red>asked</font> to be <font color = red>raped</font>.'",1.0,0.5405906438827515,"A <font color = green>measurement</font> <font color = green>subtract</font> fifteen <font color = green>ages</font> off the <font color = green>statement</font> of a <font color = green>partisan</font> convicted of <font color = green>base</font> <font color = green>bills</font> with a 3-year-old <font color = green>wench</font> because the <font color = green>outlaw</font> <font color = green>drew</font> the <font color = green>adolescent</font> had '<font color = green>applied</font> to be <font color = green>spanked</font>.'","Successful"
0.0,5727.0,0.0,0.0935821533203125,"An <font color = red>investigation</font> has <font color = red>proven</font> the <font color = red>presence</font> of <font color = red>feces</font> in Starbucks beverages.",0.0,0.4366150498390198,"An <font color = red>observation</font> has <font color = red>attested</font> the <font color = red>existent</font> of <font color = red>mucks</font> in Starbucks beverages.","Failed"
